{
  "model": "random_forest",
  "test_mae": 0.8491773716135125,
  "test_rmse": 1.0134884605031975,
  "r2": 0.8089853933497675
}